Id,Category
IMG_0.jpg,12
IMG_1001.jpg,5
IMG_1007.jpg,14
IMG_1011.jpg,15
IMG_1023.jpg,3
IMG_1031.jpg,3
IMG_1035.jpg,13
IMG_1037.jpg,7
IMG_104.jpg,15
IMG_1042.jpg,11
IMG_1046.jpg,19
IMG_105.jpg,7
IMG_1050.jpg,0
IMG_1052.jpg,8
IMG_1058.jpg,17
IMG_1059.jpg,4
IMG_106.jpg,9
IMG_1071.jpg,0
IMG_1072.jpg,18
IMG_1073.jpg,7
IMG_1074.jpg,7
IMG_1080.jpg,3
IMG_1084.jpg,5
IMG_1090.jpg,12
IMG_1094.jpg,7
IMG_1097.jpg,12
IMG_1099.jpg,3
IMG_1101.jpg,15
IMG_1117.jpg,10
IMG_1119.jpg,4
IMG_1127.jpg,8
IMG_113.jpg,15
IMG_1133.jpg,12
IMG_1137.jpg,14
IMG_1143.jpg,4
IMG_1147.jpg,8
IMG_1148.jpg,16
IMG_1155.jpg,15
IMG_1158.jpg,0
IMG_1163.jpg,17
IMG_117.jpg,19
IMG_1172.jpg,15
IMG_1174.jpg,8
IMG_1179.jpg,4
IMG_1183.jpg,14
IMG_1187.jpg,2
IMG_119.jpg,9
IMG_1194.jpg,8
IMG_1196.jpg,1
IMG_1197.jpg,2
IMG_1199.jpg,3
IMG_1202.jpg,9
IMG_1206.jpg,9
IMG_1209.jpg,17
IMG_121.jpg,15
IMG_1211.jpg,3
IMG_1212.jpg,15
IMG_1213.jpg,10
IMG_1214.jpg,19
IMG_1217.jpg,3
IMG_1219.jpg,2
IMG_1228.jpg,3
IMG_1229.jpg,2
IMG_123.jpg,8
IMG_1232.jpg,12
IMG_1235.jpg,17
IMG_1238.jpg,9
IMG_1240.jpg,9
IMG_1241.jpg,0
IMG_1242.jpg,0
IMG_1248.jpg,4
IMG_1251.jpg,8
IMG_1264.jpg,17
IMG_1268.jpg,12
IMG_1270.jpg,15
IMG_1276.jpg,17
IMG_1280.jpg,0
IMG_1283.jpg,3
IMG_1285.jpg,0
IMG_1289.jpg,3
IMG_129.jpg,5
IMG_1298.jpg,16
IMG_13.jpg,5
IMG_1306.jpg,3
IMG_1307.jpg,12
IMG_1308.jpg,18
IMG_1318.jpg,3
IMG_1322.jpg,9
IMG_1330.jpg,19
IMG_1334.jpg,8
IMG_1339.jpg,2
IMG_134.jpg,12
IMG_1342.jpg,8
IMG_1344.jpg,0
IMG_1346.jpg,17
IMG_1349.jpg,14
IMG_135.jpg,10
IMG_1354.jpg,3
IMG_1359.jpg,3
IMG_136.jpg,4
IMG_1363.jpg,9
IMG_137.jpg,4
IMG_1370.jpg,16
IMG_1377.jpg,15
IMG_1382.jpg,4
IMG_1384.jpg,10
IMG_1397.jpg,17
IMG_1406.jpg,11
IMG_1415.jpg,16
IMG_1419.jpg,18
IMG_1420.jpg,14
IMG_1422.jpg,17
IMG_1429.jpg,14
IMG_1435.jpg,18
IMG_1436.jpg,19
IMG_1437.jpg,17
IMG_144.jpg,4
IMG_1442.jpg,18
IMG_1444.jpg,2
IMG_1449.jpg,15
IMG_1452.jpg,12
IMG_1459.jpg,3
IMG_1462.jpg,17
IMG_1466.jpg,10
IMG_1468.jpg,16
IMG_1474.jpg,19
IMG_1475.jpg,11
IMG_1480.jpg,9
IMG_1481.jpg,4
IMG_1483.jpg,5
IMG_1484.jpg,0
IMG_1494.jpg,15
IMG_1495.jpg,7
IMG_1500.jpg,15
IMG_1501.jpg,12
IMG_1502.jpg,11
IMG_1506.jpg,15
IMG_1509.jpg,4
IMG_151.jpg,7
IMG_1511.jpg,4
IMG_1512.jpg,4
IMG_1516.jpg,10
IMG_1520.jpg,15
IMG_1529.jpg,2
IMG_153.jpg,12
IMG_1532.jpg,15
IMG_1536.jpg,2
IMG_1538.jpg,8
IMG_1541.jpg,3
IMG_1543.jpg,8
IMG_1544.jpg,17
IMG_1546.jpg,0
IMG_1550.jpg,17
IMG_1551.jpg,2
IMG_1552.jpg,17
IMG_1557.jpg,9
IMG_1560.jpg,6
IMG_1575.jpg,13
IMG_1589.jpg,1
IMG_159.jpg,18
IMG_1591.jpg,11
IMG_1593.jpg,12
IMG_1600.jpg,4
IMG_1603.jpg,14
IMG_1604.jpg,16
IMG_1609.jpg,18
IMG_1618.jpg,3
IMG_1620.jpg,13
IMG_1622.jpg,13
IMG_1623.jpg,5
IMG_1628.jpg,10
IMG_163.jpg,1
IMG_1633.jpg,17
IMG_1643.jpg,3
IMG_1645.jpg,15
IMG_1646.jpg,2
IMG_1650.jpg,12
IMG_1657.jpg,6
IMG_1659.jpg,3
IMG_1661.jpg,11
IMG_1664.jpg,17
IMG_167.jpg,6
IMG_1674.jpg,3
IMG_1684.jpg,8
IMG_169.jpg,17
IMG_1699.jpg,13
IMG_1703.jpg,15
IMG_1706.jpg,15
IMG_1709.jpg,4
IMG_1713.jpg,13
IMG_1723.jpg,10
IMG_1728.jpg,6
IMG_1734.jpg,19
IMG_174.jpg,1
IMG_1741.jpg,11
IMG_1744.jpg,4
IMG_1747.jpg,2
IMG_175.jpg,11
IMG_1756.jpg,4
IMG_1761.jpg,0
IMG_1764.jpg,14
IMG_1768.jpg,13
IMG_1771.jpg,10
IMG_1780.jpg,0
IMG_1798.jpg,8
IMG_1799.jpg,18
IMG_1802.jpg,5
IMG_1803.jpg,5
IMG_1808.jpg,2
IMG_1811.jpg,11
IMG_1813.jpg,7
IMG_1814.jpg,5
IMG_1819.jpg,8
IMG_1820.jpg,9
IMG_1826.jpg,10
IMG_183.jpg,15
IMG_1831.jpg,19
IMG_1836.jpg,17
IMG_1837.jpg,10
IMG_1842.jpg,14
IMG_1849.jpg,15
IMG_1851.jpg,18
IMG_1852.jpg,19
IMG_1854.jpg,14
IMG_1858.jpg,0
IMG_1865.jpg,4
IMG_1871.jpg,9
IMG_1872.jpg,19
IMG_1878.jpg,18
IMG_1882.jpg,4
IMG_1883.jpg,2
IMG_1885.jpg,7
IMG_1890.jpg,6
IMG_1892.jpg,6
IMG_1899.jpg,13
IMG_19.jpg,17
IMG_1901.jpg,15
IMG_1902.jpg,6
IMG_1907.jpg,14
IMG_1908.jpg,17
IMG_1909.jpg,9
IMG_1912.jpg,2
IMG_1915.jpg,19
IMG_1918.jpg,13
IMG_1919.jpg,16
IMG_1923.jpg,7
IMG_1929.jpg,11
IMG_1935.jpg,0
IMG_1936.jpg,8
IMG_1941.jpg,3
IMG_1949.jpg,11
IMG_195.jpg,7
IMG_1961.jpg,13
IMG_1962.jpg,4
IMG_1966.jpg,4
IMG_1971.jpg,19
IMG_1975.jpg,7
IMG_1977.jpg,18
IMG_1978.jpg,9
IMG_1979.jpg,5
IMG_1982.jpg,7
IMG_1989.jpg,1
IMG_1991.jpg,18
IMG_2000.jpg,11
IMG_2005.jpg,4
IMG_2007.jpg,16
IMG_2010.jpg,2
IMG_2017.jpg,10
IMG_2018.jpg,16
IMG_2020.jpg,0
IMG_2021.jpg,7
IMG_2023.jpg,17
IMG_2025.jpg,1
IMG_2031.jpg,3
IMG_2041.jpg,6
IMG_2042.jpg,7
IMG_2047.jpg,2
IMG_2052.jpg,3
IMG_2053.jpg,3
IMG_206.jpg,5
IMG_214.jpg,17
IMG_217.jpg,8
IMG_220.jpg,10
IMG_223.jpg,5
IMG_227.jpg,13
IMG_228.jpg,18
IMG_233.jpg,9
IMG_234.jpg,5
IMG_237.jpg,17
IMG_24.jpg,3
IMG_240.jpg,4
IMG_245.jpg,18
IMG_249.jpg,1
IMG_251.jpg,17
IMG_252.jpg,3
IMG_261.jpg,4
IMG_262.jpg,18
IMG_263.jpg,7
IMG_264.jpg,7
IMG_267.jpg,18
IMG_269.jpg,15
IMG_270.jpg,4
IMG_272.jpg,4
IMG_273.jpg,7
IMG_278.jpg,9
IMG_279.jpg,1
IMG_280.jpg,4
IMG_285.jpg,8
IMG_293.jpg,11
IMG_295.jpg,17
IMG_296.jpg,15
IMG_298.jpg,16
IMG_299.jpg,17
IMG_30.jpg,10
IMG_307.jpg,7
IMG_308.jpg,16
IMG_31.jpg,15
IMG_312.jpg,9
IMG_32.jpg,15
IMG_321.jpg,19
IMG_322.jpg,15
IMG_329.jpg,17
IMG_338.jpg,15
IMG_34.jpg,8
IMG_35.jpg,10
IMG_355.jpg,0
IMG_367.jpg,18
IMG_37.jpg,17
IMG_371.jpg,12
IMG_377.jpg,12
IMG_379.jpg,7
IMG_383.jpg,1
IMG_384.jpg,14
IMG_385.jpg,15
IMG_397.jpg,7
IMG_400.jpg,9
IMG_404.jpg,14
IMG_405.jpg,8
IMG_410.jpg,10
IMG_414.jpg,16
IMG_420.jpg,12
IMG_421.jpg,1
IMG_423.jpg,3
IMG_451.jpg,5
IMG_455.jpg,5
IMG_461.jpg,8
IMG_467.jpg,17
IMG_473.jpg,19
IMG_478.jpg,15
IMG_48.jpg,19
IMG_480.jpg,3
IMG_485.jpg,7
IMG_487.jpg,8
IMG_497.jpg,15
IMG_499.jpg,8
IMG_501.jpg,0
IMG_505.jpg,0
IMG_507.jpg,3
IMG_508.jpg,2
IMG_51.jpg,15
IMG_512.jpg,10
IMG_513.jpg,17
IMG_515.jpg,1
IMG_517.jpg,3
IMG_524.jpg,2
IMG_53.jpg,6
IMG_535.jpg,8
IMG_539.jpg,15
IMG_542.jpg,15
IMG_543.jpg,12
IMG_546.jpg,18
IMG_550.jpg,2
IMG_551.jpg,4
IMG_558.jpg,15
IMG_561.jpg,10
IMG_563.jpg,19
IMG_567.jpg,0
IMG_57.jpg,2
IMG_572.jpg,12
IMG_58.jpg,2
IMG_581.jpg,8
IMG_582.jpg,14
IMG_583.jpg,4
IMG_588.jpg,4
IMG_59.jpg,9
IMG_592.jpg,9
IMG_597.jpg,16
IMG_598.jpg,18
IMG_6.jpg,4
IMG_601.jpg,0
IMG_602.jpg,8
IMG_603.jpg,2
IMG_606.jpg,16
IMG_607.jpg,8
IMG_608.jpg,3
IMG_61.jpg,19
IMG_616.jpg,9
IMG_621.jpg,12
IMG_635.jpg,12
IMG_638.jpg,3
IMG_641.jpg,7
IMG_645.jpg,12
IMG_647.jpg,14
IMG_66.jpg,3
IMG_660.jpg,8
IMG_664.jpg,0
IMG_667.jpg,3
IMG_67.jpg,11
IMG_671.jpg,0
IMG_674.jpg,9
IMG_679.jpg,18
IMG_68.jpg,14
IMG_681.jpg,14
IMG_682.jpg,12
IMG_69.jpg,16
IMG_691.jpg,9
IMG_695.jpg,19
IMG_702.jpg,1
IMG_703.jpg,10
IMG_705.jpg,3
IMG_706.jpg,8
IMG_708.jpg,15
IMG_709.jpg,17
IMG_710.jpg,4
IMG_711.jpg,16
IMG_712.jpg,16
IMG_717.jpg,18
IMG_72.jpg,14
IMG_722.jpg,19
IMG_727.jpg,9
IMG_730.jpg,10
IMG_739.jpg,12
IMG_74.jpg,12
IMG_744.jpg,4
IMG_752.jpg,3
IMG_755.jpg,9
IMG_756.jpg,9
IMG_764.jpg,0
IMG_775.jpg,4
IMG_785.jpg,14
IMG_789.jpg,4
IMG_791.jpg,2
IMG_794.jpg,10
IMG_797.jpg,15
IMG_802.jpg,15
IMG_803.jpg,10
IMG_805.jpg,10
IMG_813.jpg,6
IMG_815.jpg,13
IMG_817.jpg,16
IMG_823.jpg,9
IMG_826.jpg,7
IMG_828.jpg,1
IMG_835.jpg,13
IMG_837.jpg,9
IMG_844.jpg,17
IMG_845.jpg,3
IMG_848.jpg,8
IMG_852.jpg,11
IMG_862.jpg,0
IMG_864.jpg,9
IMG_866.jpg,16
IMG_867.jpg,10
IMG_873.jpg,9
IMG_876.jpg,9
IMG_877.jpg,5
IMG_878.jpg,14
IMG_880.jpg,16
IMG_884.jpg,18
IMG_887.jpg,5
IMG_89.jpg,5
IMG_893.jpg,3
IMG_897.jpg,4
IMG_904.jpg,14
IMG_907.jpg,15
IMG_912.jpg,15
IMG_913.jpg,1
IMG_914.jpg,9
IMG_917.jpg,4
IMG_919.jpg,9
IMG_92.jpg,13
IMG_922.jpg,19
IMG_923.jpg,14
IMG_932.jpg,10
IMG_938.jpg,8
IMG_94.jpg,3
IMG_942.jpg,2
IMG_943.jpg,3
IMG_944.jpg,4
IMG_950.jpg,14
IMG_952.jpg,3
IMG_956.jpg,4
IMG_959.jpg,18
IMG_96.jpg,10
IMG_965.jpg,15
IMG_967.jpg,8
IMG_98.jpg,4
IMG_982.jpg,15
IMG_986.jpg,3
IMG_999.jpg,17
